{"stat.useItem.chiselsandbits.chiseled_wood":1,"stat.pickup.minecraft.wooden_slab":186,"stat.mineBlock.storagedrawers.basicdrawers":3,"stat.leaveGame":10,"stat.craftItem.minecraft.iron_axe":1,"stat.pickup.tombstone.familiar_stone":3,"stat.pickup.alchemistry.element":395,"stat.pickup.speedyhoppers.speedyhopper_mk1":9,"stat.pickup.speedyhoppers.speedyhopper_mk3":5,"stat.pickup.speedyhoppers.speedyhopper_mk2":4,"stat.useItem.minecraft.planks":516,"stat.useItem.tombstone.familiar_stone":3,"stat.craftItem.minecraft.stone_pressure_plate":8,"stat.pickup.enderstorage.ender_storage":6,"stat.craftItem.architecturecraft.sawbench":1,"stat.pickup.nuclearcraft.dominos":3,"stat.useItem.minecraft.water_bucket":64,"stat.pickup.minecraft.rotten_flesh":1170,"stat.pickup.alchemistry.compound":232,"stat.craftItem.alchemistry.liquifier":1,"stat.craftItem.minecraft.stone_axe":2,"stat.useItem.tp.plump_pear":2,"stat.killEntity.Enderman":40,"stat.mineBlock.minecraft.wooden_slab":349,"stat.mineBlock.alchemistry.evaporator":2,"stat.useItem.minecraft.ender_pearl":28,"stat.pickup.chiselsandbits.chiseled_wood":2,"stat.useItem.polluted_earth.polluted_earth":65,"stat.hopperInspected":11,"stat.pickup.architecturecraft.sawbench":1,"stat.craftItem.projecte.item.pe_covalence_dust":40,"stat.pickup.mob_grinding_utils.fan_upgrade":5,"stat.mineBlock.architecturecraft.sawbench":1,"stat.pickup.appliedenergistics2.sky_stone_block":127,"stat.pickup.chemxtweaks.coin_d":33,"stat.mineBlock.minecraft.hopper":3,"stat.craftItem.tp.iron_cobblegen_block":1,"stat.furnaceInteraction":15,"stat.mineBlock.minecraft.dark_oak_stairs":1,"stat.useItem.minecraft.dark_oak_stairs":3,"stat.drop.minecraft.red_flower":7,"stat.pickup.mob_grinding_utils.ender_inhibitor_on":2,"stat.pickup.minecraft.furnace":1,"stat.pickup.mob_grinding_utils.spikes":5,"stat.useItem.tp.monster_jerky":120,"stat.useItem.tp.plump_peach":5,"stat.pickup.inspirations.potato_seeds":22,"stat.pickup.minecraft.skull":6,"stat.pickup.tombstone.magic_scroll":3,"stat.useItem.betterbuilderswands.wanddiamond":80,"stat.useItem.minecraft.hopper":3,"stat.useItem.minecraft.dye":91,"stat.mineBlock.minecraft.jungle_stairs":41,"stat.pickup.alchemistry.evaporator":2,"stat.mineBlock.enderstorage.ender_storage":3,"stat.pickup.minecraft.lever":1,"stat.deaths":12,"stat.playOneMinute":1422371,"stat.drop.minecraft.string":1,"stat.useItem.minecraft.jungle_stairs":27,"stat.mineBlock.minecraft.tallgrass":511,"stat.chestOpened":1095,"stat.craftItem.tp.cobblegen_block":1,"stat.pickup.minecraft.arrow":829,"stat.craftItem.minecraft.dark_oak_stairs":4,"stat.drop.chiselsandbits.chisel_diamond":1,"stat.mineBlock.appliedenergistics2.sky_stone_block":130,"stat.useItem.betterbuilderswands.wandstone":18,"stat.craftItem.minecraft.coal":81,"stat.craftItem.mob_grinding_utils.spikes":2,"stat.fallOneCm":388774,"stat.craftItem.alchemistry.obsidian_breaker":36,"stat.crouchOneCm":280767,"stat.mineBlock.minecraft.chest":32,"stat.craftItem.minecraft.chest":141,"stat.mineBlock.minecraft.lever":2,"stat.craftItem.minecraft.hopper":7,"stat.craftingTableInteraction":135,"stat.mineBlock.minecraft.log2":498,"stat.mineBlock.architecturecraft.shape":80,"stat.pickup.minecraft.planks":344,"stat.craftItem.minecraft.diamond_shovel":1,"stat.pickup.minecraft.wheat_seeds":36,"stat.useItem.minecraft.stone_pickaxe":21,"stat.pickup.mob_grinding_utils.fan":4,"stat.mineBlock.minecraft.dirt":55,"stat.drop.alchemistry.compound":17,"stat.drop.minecraft.iron_axe":1,"stat.useItem.minecraft.torch":270,"stat.pickup.inspirations.carrot_seeds":11,"stat.craftItem.minecraft.redstone_block":1,"stat.drop.minecraft.rotten_flesh":1,"stat.pickup.enderio.item_extract_speed_upgrade":7,"stat.useItem.minecraft.log":155,"stat.pickup.minecraft.crafting_table":4,"stat.pickup.tp.plump_pear":4,"stat.useItem.minecraft.cobblestone":4,"stat.mineBlock.alchemistry.chemical_dissolver":2,"stat.craftItem.minecraft.crafting_table":3,"stat.mineBlock.minecraft.double_plant":4,"stat.pickup.alchemistry.chemical_combiner":1,"stat.pickup.minecraft.log":731,"stat.mineBlock.elevatorid.elevator_pink":3,"stat.craftItem.ftbquests.screen":1,"stat.pickup.betterbuilderswands.wanddiamond":1,"stat.craftItem.mob_grinding_utils.fan_upgrade":1,"stat.pickup.polluted_earth.polluted_earth":73,"stat.craftItem.betterbuilderswands.wanddiamond":1,"stat.craftItem.mob_grinding_utils.fan":1,"stat.drop.minecraft.planks":1,"stat.pickup.minecraft.hopper":3,"stat.useItem.architecturecraft.hammer":12,"stat.pickup.minecraft.sapling":54,"stat.entityKilledBy.Enderman":1,"stat.pickup.minecraft.apple":8,"stat.useItem.nuclearcraft.dominos":1,"stat.pickup.minecraft.coal_block":3,"stat.craftItem.minecraft.bucket":2,"stat.craftItem.minecraft.planks":2340,"stat.mineBlock.speedyhoppers.speedyhopper_mk2":4,"stat.mineBlock.speedyhoppers.speedyhopper_mk3":6,"stat.mineBlock.speedyhoppers.speedyhopper_mk1":7,"stat.mineBlock.morefurnaces.furnaceblock":12,"stat.craftItem.architecturecraft.chisel":1,"stat.useItem.minecraft.stonebrick":767,"stat.mineBlock.minecraft.log":770,"stat.craftItem.minecraft.cooked_chicken":1,"stat.pickup.minecraft.red_flower":63,"stat.sneakTime":92964,"stat.craftItem.tp.monster_jerky":150,"stat.useItem.speedyhoppers.speedyhopper_mk3":7,"stat.useItem.speedyhoppers.speedyhopper_mk2":2,"stat.useItem.speedyhoppers.speedyhopper_mk1":11,"stat.drop.minecraft.yellow_flower":2,"stat.pickup.minecraft.stone_slab":95,"stat.pickup.minecraft.yellow_flower":47,"stat.pickup.minecraft.chest":28,"stat.craftItem.minecraft.diamond_chestplate":1,"stat.craftItem.speedyhoppers.speedyhopper_mk3":10,"stat.craftItem.speedyhoppers.speedyhopper_mk2":6,"stat.craftItem.speedyhoppers.speedyhopper_mk1":2,"stat.pickup.minecraft.bone":1067,"stat.craftItem.storagedrawers.basicdrawers":1,"stat.craftItem.minecraft.diamond_leggings":1,"stat.useItem.minecraft.iron_axe":219,"stat.mineBlock.minecraft.cobblestone":4,"stat.craftItem.morecharcoal.charcoal_chunk":40,"stat.mineBlock.minecraft.yellow_flower":27,"stat.drop.alchemistry.slot_filler":2,"stat.useItem.minecraft.diamond_sword":677,"stat.craftItem.minecraft.diamond_helmet":1,"stat.craftItem.alchemistry.slot_filler":19,"stat.swimOneCm":32796,"stat.drop.minecraft.cobblestone":3,"stat.pickup.alchemistry.slot_filler":5,"stat.pickup.tp.plump_peach":5,"stat.craftItem.projecte.alchemical_chest":1,"stat.useItem.minecraft.coal_block":3,"stat.craftItem.architecturecraft.sawblade":1,"stat.useItem.minecraft.dirt":94,"stat.useItem.minecraft.stone_slab2":185,"stat.pickup.alchemistry.mineral_salt":88,"stat.pickup.minecraft.bow":1,"stat.craftItem.morefurnaces.furnaceblock":5,"stat.pickup.alchemistry.liquifier":2,"stat.craftItem.minecraft.furnace":4,"stat.useItem.morefurnaces.furnaceblock":3,"stat.pickup.tp.cobblegen_block":3,"stat.drop.chiselsandbits.chiseled_wood":1,"stat.pickup.minecraft.cobblestone":103,"stat.mineBlock.projecte.transmutation_table":3,"stat.useItem.appliedenergistics2.sky_stone_block":35,"stat.mineBlock.alchemistry.liquifier":2,"stat.flyOneCm":828276,"stat.drop.minecraft.wheat_seeds":1,"stat.craftItem.minecraft.wooden_slab":216,"stat.pickup.architecturecraft.shape":75,"stat.timeSinceDeath":515003,"stat.useItem.minecraft.wooden_slab":316,"stat.craftItem.minecraft.iron_block":2,"stat.craftItem.minecraft.stonebrick":1824,"stat.mineBlock.minecraft.coal_block":3,"stat.pickup.minecraft.stonebrick":281,"stat.pickup.enderio.block_enderman_skull":1,"stat.killEntity.Creeper":40,"stat.pickup.minecraft.jungle_stairs":41,"stat.pickup.minecraft.string":10,"stat.mineBlock.enderio.block_simple_stirling_generator":3,"stat.pickup.ae2wtlib.infinity_booster_card":29,"stat.craftItem.minecraft.jungle_stairs":16,"stat.mineBlock.alchemistry.chemical_combiner":1,"stat.pickup.tombstone.crafting_ingredient":10,"stat.entityKilledBy.Skeleton":2,"stat.craftItem.minecraft.stone_slab2":0,"stat.useItem.architecturecraft.shape":221,"stat.sprintOneCm":1536322,"stat.useItem.minecraft.diamond_shovel":27,"stat.mineBlock.minecraft.stone_slab":92,"stat.pickup.morefurnaces.furnaceblock":13,"stat.pickup.alchemistry.chemical_dissolver":2,"stat.craftItem.minecraft.stick":160,"stat.mineBlock.polluted_earth.polluted_earth":73,"stat.useItem.tombstone.magic_scroll":4,"stat.useItem.minecraft.stone_slab":429,"stat.useItem.carryon.tile_item":3,"stat.useItem.enderstorage.ender_storage":2,"stat.useItem.elevatorid.elevator_pink":1,"stat.craftItem.minecraft.stone":1040,"stat.useItem.minecraft.snowball":4,"stat.pickup.minecraft.grass":40,"stat.mineBlock.minecraft.crafting_table":4,"stat.useItem.minecraft.diamond_pickaxe":594,"stat.craftItem.minecraft.wooden_pressure_plate":1,"stat.mineBlock.minecraft.planks":402,"stat.drop":42,"stat.craftItem.minecraft.diamond_pickaxe":1,"stat.killEntity.Zombie":49,"stat.craftItem.minecraft.dye":169,"stat.pickup.chiselsandbits.chisel_diamond":1,"stat.craftItem.minecraft.diamond_axe":1,"stat.diveOneCm":39819,"stat.pickup.elevatorid.elevator_pink":3,"stat.pickup.storagedrawers.basicdrawers":3,"stat.craftItem.projecte.condenser_mk1":1,"stat.useItem.minecraft.diamond_axe":460,"stat.useItem.minecraft.apple":2,"stat.craftItem.minecraft.diamond_sword":1,"stat.jump":4658,"stat.pickup.minecraft.coal":37,"stat.craftItem.minecraft.lever":2,"stat.useItem.minecraft.stone_axe":258,"stat.pickup.minecraft.gunpowder":815,"stat.pickup.morecharcoal.charcoal_chunk":240,"stat.pickup.minecraft.spider_eye":1,"stat.craftItem.minecraft.torch":276,"stat.pickup.minecraft.dirt":47,"stat.useItem.minecraft.cooked_chicken":1,"stat.useItem.minecraft.sapling":59,"stat.pickup.minecraft.iron_axe":1,"stat.damageTaken":5870,"stat.mineBlock.minecraft.torch":98,"stat.mineBlock.minecraft.furnace":1,"stat.mineBlock.minecraft.red_flower":53,"stat.mineBlock.minecraft.sapling":11,"stat.pickup.minecraft.log2":498,"stat.entityKilledBy.ZombieVillager":1,"tombstone:undead_killed":88,"stat.useItem.mob_grinding_utils.spikes":4,"stat.damageDealt":42539,"stat.craftItem.minecraft.glass":1,"stat.craftItem.minecraft.iron_sword":6,"stat.craftItem.minecraft.stone_slab":342,"stat.walkOneCm":955348,"stat.useItem.minecraft.chest":141,"stat.pickup.minecraft.stick":13,"stat.craftItem.alchemistry.evaporator":1,"stat.useItem.minecraft.lava_bucket":13,"stat.craftItem.architecturecraft.hammer":1,"stat.craftItem.minecraft.diamond_boots":1,"stat.useItem.tombstone.gift":3,"stat.pickup.minecraft.stone":8,"stat.pickup.projecte.transmutation_table":3,"stat.pickup.minecraft.ender_pearl":360,"stat.killEntity.Skeleton":39,"stat.craftItem.architecturecraft.largepulley":1,"stat.mineBlock.minecraft.stonebrick":243,"stat.pickup.enderio.block_simple_stirling_generator":3,"stat.killEntity.Spider":8,"stat.pickup.minecraft.dark_oak_stairs":1,"stat.mobKills":181,"stat.pickup.storagedrawers.upgrade_storage":11,"stat.mineBlock.mob_grinding_utils.fan":5,"stat.mineBlock.minecraft.leaves":6,"stat.pickup.xencraft.xen_gem":64,"stat.pickup.ftbquests.lootcrate":181,"stat.pickup.minecraft.torch":94,"stat.craftItem.minecraft.coal_block":109,"stat.mineBlock.tp.cobblegen_block":3,"stat.drop.minecraft.arrow":4,"stat.mineBlock.mob_grinding_utils.spikes":6}