{"stat.useItem.chiselsandbits.chiseled_wood":1,"stat.pickup.minecraft.wooden_slab":186,"stat.mineBlock.storagedrawers.basicdrawers":3,"stat.leaveGame":12,"stat.craftItem.minecraft.iron_axe":1,"stat.pickup.tombstone.familiar_stone":3,"stat.pickup.alchemistry.element":395,"stat.useItem.xencraft.xen_sapling":3,"stat.craftItem.mob_grinding_utils.tank":1,"stat.craftItem.minecraft.ender_eye":2,"stat.pickup.speedyhoppers.speedyhopper_mk1":9,"stat.pickup.speedyhoppers.speedyhopper_mk3":5,"stat.mineBlock.mob_grinding_utils.absorption_hopper":3,"stat.pickup.speedyhoppers.speedyhopper_mk2":4,"stat.useItem.minecraft.planks":653,"stat.useItem.tombstone.familiar_stone":3,"stat.craftItem.minecraft.stone_pressure_plate":8,"stat.pickup.minecraft.glowstone_dust":4,"stat.pickup.enderstorage.ender_storage":6,"stat.craftItem.architecturecraft.sawbench":1,"stat.pickup.nuclearcraft.dominos":3,"stat.useItem.minecraft.water_bucket":96,"stat.pickup.minecraft.rotten_flesh":1466,"stat.pickup.alchemistry.compound":232,"stat.craftItem.alchemistry.liquifier":1,"stat.craftItem.minecraft.stone_axe":2,"stat.useItem.tp.plump_pear":2,"stat.killEntity.Enderman":41,"stat.mineBlock.minecraft.wooden_slab":349,"stat.mineBlock.alchemistry.evaporator":2,"stat.useItem.minecraft.ender_pearl":37,"stat.mineBlock.xencraft.xen_leaves":11,"stat.craftItem.xencraft.xen_gem_block":1,"stat.pickup.chiselsandbits.chiseled_wood":2,"stat.useItem.polluted_earth.polluted_earth":113,"stat.hopperInspected":12,"stat.pickup.architecturecraft.sawbench":1,"stat.craftItem.projecte.item.pe_covalence_dust":40,"stat.pickup.mob_grinding_utils.fan_upgrade":21,"stat.mineBlock.architecturecraft.sawbench":1,"stat.pickup.appliedenergistics2.sky_stone_block":127,"stat.pickup.xencraft.table":1,"stat.pickup.chemxtweaks.coin_d":33,"stat.mineBlock.minecraft.hopper":3,"stat.craftItem.tp.iron_cobblegen_block":1,"stat.craftItem.xencraft.table":1,"stat.furnaceInteraction":15,"stat.mineBlock.minecraft.dark_oak_stairs":1,"stat.useItem.minecraft.dark_oak_stairs":3,"stat.drop.minecraft.red_flower":7,"stat.pickup.mob_grinding_utils.ender_inhibitor_on":3,"stat.pickup.minecraft.furnace":1,"stat.pickup.mob_grinding_utils.spikes":5,"stat.useItem.tp.monster_jerky":185,"stat.useItem.tp.plump_peach":5,"stat.pickup.inspirations.potato_seeds":22,"stat.pickup.minecraft.skull":7,"stat.pickup.tombstone.magic_scroll":7,"stat.craftItem.morecharcoal.charcoal_block":12,"stat.pickup.mob_grinding_utils.absorption_hopper":3,"stat.useItem.betterbuilderswands.wanddiamond":80,"stat.craftItem.projectex.stone_table":1,"stat.useItem.minecraft.hopper":3,"stat.useItem.minecraft.dye":96,"stat.mineBlock.minecraft.jungle_stairs":41,"stat.pickup.alchemistry.evaporator":2,"stat.mineBlock.enderstorage.ender_storage":3,"stat.pickup.minecraft.lever":2,"stat.deaths":25,"stat.playOneMinute":1707821,"stat.drop.minecraft.string":1,"stat.useItem.minecraft.jungle_stairs":27,"stat.mineBlock.xencraft.table":1,"stat.mineBlock.minecraft.tallgrass":511,"stat.useItem.mob_grinding_utils.absorption_hopper":2,"stat.chestOpened":1454,"stat.craftItem.tp.cobblegen_block":1,"stat.pickup.minecraft.arrow":1305,"stat.craftItem.minecraft.dark_oak_stairs":4,"stat.drop.chiselsandbits.chisel_diamond":1,"stat.mineBlock.appliedenergistics2.sky_stone_block":130,"stat.pickup.xencraft.xen_sapling":8,"stat.useItem.betterbuilderswands.wandstone":18,"stat.craftItem.minecraft.coal":319,"stat.craftItem.mob_grinding_utils.spikes":6,"stat.fallOneCm":1140577,"stat.craftItem.alchemistry.obsidian_breaker":36,"stat.crouchOneCm":379558,"stat.mineBlock.minecraft.chest":42,"stat.craftItem.minecraft.chest":150,"stat.mineBlock.minecraft.lever":2,"stat.craftItem.minecraft.hopper":8,"stat.craftingTableInteraction":170,"stat.mineBlock.mob_grinding_utils.ender_inhibitor_on":1,"stat.mineBlock.minecraft.log2":819,"stat.mineBlock.architecturecraft.shape":80,"stat.pickup.minecraft.dye":37,"stat.pickup.minecraft.planks":385,"stat.craftItem.minecraft.diamond_shovel":1,"stat.pickup.minecraft.wheat_seeds":36,"stat.useItem.minecraft.stone_pickaxe":21,"stat.pickup.mob_grinding_utils.fan":8,"stat.mineBlock.minecraft.dirt":98,"stat.drop.alchemistry.compound":17,"stat.drop.minecraft.stick":1,"stat.drop.minecraft.iron_axe":1,"stat.useItem.minecraft.torch":274,"stat.pickup.inspirations.carrot_seeds":11,"stat.craftItem.minecraft.redstone_block":3,"stat.drop.minecraft.rotten_flesh":1,"stat.pickup.enderio.item_extract_speed_upgrade":7,"stat.useItem.minecraft.log":155,"stat.pickup.minecraft.crafting_table":5,"stat.pickup.tp.plump_pear":6,"stat.useItem.minecraft.cobblestone":4,"stat.mineBlock.alchemistry.chemical_dissolver":2,"stat.craftItem.minecraft.crafting_table":3,"stat.mineBlock.minecraft.double_plant":4,"stat.pickup.alchemistry.chemical_combiner":1,"stat.pickup.minecraft.log":731,"stat.mineBlock.elevatorid.elevator_pink":14,"stat.craftItem.ftbquests.screen":1,"stat.pickup.betterbuilderswands.wanddiamond":1,"stat.craftItem.mob_grinding_utils.fan_upgrade":21,"stat.pickup.polluted_earth.polluted_earth":82,"stat.craftItem.betterbuilderswands.wanddiamond":1,"stat.craftItem.mob_grinding_utils.fan":3,"stat.drop.minecraft.planks":1,"stat.pickup.minecraft.hopper":3,"stat.useItem.architecturecraft.hammer":12,"stat.pickup.minecraft.sapling":71,"stat.entityKilledBy.Enderman":1,"stat.pickup.minecraft.apple":12,"stat.useItem.nuclearcraft.dominos":2,"stat.pickup.minecraft.coal_block":3,"stat.craftItem.minecraft.bucket":2,"stat.craftItem.minecraft.planks":2596,"stat.mineBlock.speedyhoppers.speedyhopper_mk2":4,"stat.mineBlock.speedyhoppers.speedyhopper_mk3":6,"stat.mineBlock.speedyhoppers.speedyhopper_mk1":7,"stat.mineBlock.morefurnaces.furnaceblock":12,"stat.craftItem.architecturecraft.chisel":1,"stat.useItem.minecraft.stonebrick":993,"stat.mineBlock.minecraft.log":770,"stat.craftItem.minecraft.cooked_chicken":1,"stat.pickup.minecraft.red_flower":63,"stat.sneakTime":128229,"stat.craftItem.tp.monster_jerky":150,"stat.useItem.speedyhoppers.speedyhopper_mk3":7,"stat.useItem.speedyhoppers.speedyhopper_mk2":2,"stat.useItem.speedyhoppers.speedyhopper_mk1":11,"stat.drop.minecraft.yellow_flower":2,"stat.pickup.minecraft.stone_slab":126,"stat.pickup.minecraft.yellow_flower":47,"stat.mineBlock.mob_grinding_utils.tank":1,"stat.pickup.minecraft.chest":37,"stat.craftItem.minecraft.diamond_chestplate":1,"stat.craftItem.speedyhoppers.speedyhopper_mk3":10,"stat.craftItem.speedyhoppers.speedyhopper_mk2":6,"stat.craftItem.speedyhoppers.speedyhopper_mk1":2,"stat.pickup.minecraft.bone":1528,"stat.craftItem.storagedrawers.basicdrawers":1,"stat.craftItem.minecraft.diamond_leggings":1,"stat.useItem.minecraft.iron_axe":219,"stat.mineBlock.minecraft.cobblestone":4,"stat.useItem.minecraft.log2":65,"stat.craftItem.morecharcoal.charcoal_chunk":40,"stat.mineBlock.minecraft.yellow_flower":27,"stat.drop.alchemistry.slot_filler":2,"stat.useItem.minecraft.diamond_sword":710,"stat.mineBlock.projectex.stone_table":1,"stat.craftItem.minecraft.diamond_helmet":1,"stat.craftItem.alchemistry.slot_filler":19,"stat.swimOneCm":67476,"stat.drop.minecraft.cobblestone":3,"stat.pickup.alchemistry.slot_filler":5,"stat.pickup.tp.plump_peach":8,"stat.craftItem.projecte.alchemical_chest":1,"stat.useItem.minecraft.coal_block":3,"stat.craftItem.architecturecraft.sawblade":1,"stat.craftItem.mob_grinding_utils.absorption_hopper":2,"stat.useItem.minecraft.dirt":215,"stat.useItem.minecraft.stone_slab2":215,"stat.pickup.alchemistry.mineral_salt":88,"stat.pickup.minecraft.bow":1,"stat.craftItem.morefurnaces.furnaceblock":5,"stat.pickup.alchemistry.liquifier":2,"stat.craftItem.minecraft.furnace":4,"stat.useItem.morefurnaces.furnaceblock":3,"stat.pickup.tp.cobblegen_block":3,"stat.useItem.mob_grinding_utils.fan":3,"stat.drop.chiselsandbits.chiseled_wood":1,"stat.pickup.minecraft.cobblestone":103,"stat.mineBlock.projecte.transmutation_table":4,"stat.useItem.appliedenergistics2.sky_stone_block":35,"stat.mineBlock.alchemistry.liquifier":2,"stat.flyOneCm":1083381,"stat.drop.minecraft.wheat_seeds":1,"stat.craftItem.minecraft.wooden_slab":216,"stat.pickup.architecturecraft.shape":75,"stat.timeSinceDeath":7348,"stat.useItem.minecraft.wooden_slab":316,"stat.craftItem.minecraft.iron_block":6,"stat.craftItem.minecraft.stonebrick":1824,"stat.mineBlock.minecraft.coal_block":3,"stat.pickup.minecraft.stonebrick":339,"stat.pickup.enderio.block_enderman_skull":1,"stat.killEntity.Creeper":40,"stat.pickup.minecraft.jungle_stairs":41,"stat.pickup.minecraft.string":10,"stat.pickup.projectex.stone_table":1,"stat.mineBlock.enderio.block_simple_stirling_generator":3,"stat.pickup.ae2wtlib.infinity_booster_card":52,"stat.craftItem.minecraft.jungle_stairs":16,"stat.mineBlock.alchemistry.chemical_combiner":1,"stat.pickup.tombstone.crafting_ingredient":10,"stat.entityKilledBy.Skeleton":4,"stat.craftItem.minecraft.stone_slab2":0,"stat.useItem.architecturecraft.shape":221,"stat.sprintOneCm":1975775,"stat.useItem.minecraft.diamond_shovel":53,"stat.mineBlock.minecraft.stone_slab":123,"stat.pickup.morefurnaces.furnaceblock":13,"stat.pickup.alchemistry.chemical_dissolver":2,"stat.craftItem.minecraft.stick":180,"stat.mineBlock.polluted_earth.polluted_earth":90,"stat.useItem.tombstone.magic_scroll":4,"stat.useItem.minecraft.stone_slab":468,"stat.useItem.carryon.tile_item":3,"stat.useItem.enderstorage.ender_storage":3,"stat.useItem.elevatorid.elevator_pink":15,"stat.craftItem.minecraft.stone":1040,"stat.useItem.minecraft.snowball":4,"stat.pickup.minecraft.grass":40,"stat.mineBlock.minecraft.crafting_table":5,"stat.useItem.minecraft.diamond_pickaxe":724,"stat.craftItem.minecraft.wooden_pressure_plate":1,"stat.mineBlock.minecraft.planks":452,"stat.drop":43,"stat.craftItem.minecraft.diamond_pickaxe":1,"stat.killEntity.Zombie":58,"stat.craftItem.minecraft.dye":173,"stat.pickup.chiselsandbits.chisel_diamond":1,"stat.craftItem.minecraft.diamond_axe":1,"stat.diveOneCm":120100,"stat.pickup.elevatorid.elevator_pink":12,"stat.craftItem.xencraft.tablet":1,"stat.pickup.storagedrawers.basicdrawers":3,"stat.craftItem.projecte.condenser_mk1":1,"stat.useItem.minecraft.diamond_axe":556,"stat.useItem.minecraft.apple":2,"stat.craftItem.minecraft.diamond_sword":1,"stat.jump":6149,"stat.pickup.minecraft.coal":37,"stat.craftItem.xencraft.xen_sapling":1,"stat.craftItem.minecraft.lever":3,"stat.useItem.minecraft.stone_axe":258,"stat.pickup.minecraft.gunpowder":1179,"stat.pickup.morecharcoal.charcoal_chunk":272,"stat.pickup.minecraft.spider_eye":1,"stat.craftItem.minecraft.torch":276,"stat.pickup.minecraft.dirt":86,"stat.useItem.minecraft.cooked_chicken":1,"stat.useItem.minecraft.sapling":68,"stat.pickup.minecraft.iron_axe":1,"stat.mineBlock.xencraft.xen_log":24,"stat.damageTaken":11733,"stat.mineBlock.minecraft.torch":98,"stat.mineBlock.minecraft.furnace":1,"stat.mineBlock.minecraft.red_flower":53,"stat.mineBlock.minecraft.sapling":14,"stat.pickup.minecraft.log2":852,"stat.entityKilledBy.ZombieVillager":1,"stat.craftItem.xencraft.xen_gem":51,"tombstone:undead_killed":99,"stat.useItem.mob_grinding_utils.spikes":11,"stat.entityKilledBy.Zombie":5,"stat.damageDealt":44601,"stat.craftItem.minecraft.glass":1,"stat.craftItem.minecraft.iron_sword":18,"stat.craftItem.minecraft.stone_slab":348,"stat.walkOneCm":1096700,"stat.useItem.minecraft.chest":151,"stat.pickup.minecraft.stick":14,"stat.craftItem.alchemistry.evaporator":1,"stat.useItem.minecraft.lava_bucket":21,"stat.craftItem.architecturecraft.hammer":1,"stat.craftItem.minecraft.diamond_boots":1,"stat.pickup.mob_grinding_utils.tank":1,"stat.useItem.tombstone.gift":3,"stat.pickup.minecraft.stone":8,"stat.pickup.projecte.transmutation_table":4,"stat.pickup.minecraft.ender_pearl":500,"stat.killEntity.Skeleton":41,"stat.craftItem.architecturecraft.largepulley":1,"stat.mineBlock.minecraft.stonebrick":313,"stat.pickup.enderio.block_simple_stirling_generator":3,"stat.killEntity.Spider":8,"stat.pickup.minecraft.dark_oak_stairs":1,"stat.mineBlock.minecraft.glowstone":1,"stat.mobKills":196,"stat.pickup.storagedrawers.upgrade_storage":11,"stat.mineBlock.mob_grinding_utils.fan":9,"stat.mineBlock.minecraft.leaves":6,"stat.pickup.xencraft.xen_gem":81,"stat.pickup.ftbquests.lootcrate":332,"stat.pickup.minecraft.torch":94,"stat.craftItem.minecraft.coal_block":109,"stat.pickup.xencraft.xen_log":24,"stat.mineBlock.tp.cobblegen_block":3,"stat.drop.minecraft.arrow":4,"stat.mineBlock.mob_grinding_utils.spikes":20}