{"stat.chestOpened":178,"stat.craftItem.speedyhoppers.speedyhopper_mk1":2,"stat.pickup.storagedrawers.basicdrawers":2,"stat.pickup.minecraft.bone":475,"stat.pickup.minecraft.wooden_slab":173,"stat.craftItem.storagedrawers.basicdrawers":1,"stat.mineBlock.storagedrawers.basicdrawers":2,"stat.useItem.minecraft.iron_axe":219,"stat.craftItem.tp.cobblegen_block":1,"stat.leaveGame":2,"stat.pickup.minecraft.arrow":240,"stat.craftItem.projecte.condenser_mk1":1,"stat.mineBlock.minecraft.cobblestone":3,"stat.craftItem.morecharcoal.charcoal_chunk":40,"stat.craftItem.minecraft.iron_axe":1,"stat.useItem.minecraft.apple":2,"stat.pickup.tombstone.familiar_stone":1,"stat.useItem.minecraft.diamond_sword":608,"stat.useItem.betterbuilderswands.wandstone":18,"stat.craftItem.mob_grinding_utils.spikes":2,"stat.jump":1305,"stat.swimOneCm":19416,"stat.pickup.minecraft.coal":37,"stat.fallOneCm":287500,"stat.useItem.minecraft.planks":268,"stat.useItem.tombstone.familiar_stone":3,"stat.craftItem.minecraft.stone_pressure_plate":3,"stat.craftItem.alchemistry.obsidian_breaker":4,"stat.drop.minecraft.cobblestone":3,"stat.craftItem.minecraft.lever":2,"stat.useItem.minecraft.stone_axe":258,"stat.pickup.tp.plump_peach":5,"stat.craftItem.projecte.alchemical_chest":1,"stat.pickup.minecraft.gunpowder":314,"stat.crouchOneCm":116277,"stat.mineBlock.minecraft.chest":5,"stat.craftItem.minecraft.chest":9,"stat.craftItem.minecraft.torch":20,"stat.pickup.minecraft.dirt":13,"stat.useItem.minecraft.dirt":4,"stat.mineBlock.minecraft.lever":2,"stat.useItem.minecraft.stone_slab2":82,"stat.pickup.minecraft.bow":1,"stat.craftItem.minecraft.hopper":2,"stat.useItem.minecraft.water_bucket":23,"stat.useItem.minecraft.cooked_chicken":1,"stat.craftingTableInteraction":52,"stat.pickup.alchemistry.liquifier":1,"stat.pickup.minecraft.rotten_flesh":812,"stat.craftItem.minecraft.furnace":1,"stat.pickup.alchemistry.compound":8,"stat.useItem.minecraft.sapling":35,"stat.craftItem.alchemistry.liquifier":1,"stat.pickup.minecraft.iron_axe":1,"stat.craftItem.minecraft.stone_axe":2,"stat.pickup.tp.cobblegen_block":1,"stat.useItem.tp.plump_pear":2,"stat.damageTaken":3180,"stat.mineBlock.minecraft.torch":8,"stat.killEntity.Enderman":38,"stat.mineBlock.minecraft.sapling":6,"stat.pickup.minecraft.cobblestone":14,"stat.mineBlock.minecraft.wooden_slab":164,"stat.mineBlock.projecte.transmutation_table":1,"stat.pickup.minecraft.planks":175,"stat.mineBlock.alchemistry.liquifier":1,"stat.flyOneCm":204206,"stat.useItem.minecraft.ender_pearl":7,"tombstone:undead_killed":75,"stat.useItem.mob_grinding_utils.spikes":4,"stat.useItem.minecraft.stone_pickaxe":15,"stat.craftItem.minecraft.wooden_slab":216,"stat.pickup.mob_grinding_utils.fan":4,"stat.damageDealt":37324,"stat.craftItem.minecraft.glass":1,"stat.timeSinceDeath":14714,"stat.useItem.polluted_earth.polluted_earth":65,"stat.mineBlock.minecraft.dirt":13,"stat.useItem.minecraft.wooden_slab":316,"stat.craftItem.projecte.item.pe_covalence_dust":40,"stat.craftItem.minecraft.iron_sword":6,"stat.craftItem.minecraft.stone_slab":6,"stat.drop.minecraft.iron_axe":1,"stat.craftItem.minecraft.iron_block":2,"stat.pickup.mob_grinding_utils.fan_upgrade":4,"stat.walkOneCm":339735,"stat.useItem.minecraft.torch":18,"stat.useItem.minecraft.chest":6,"stat.pickup.minecraft.stick":6,"stat.craftItem.minecraft.redstone_block":1,"stat.useItem.minecraft.log":155,"stat.pickup.minecraft.crafting_table":1,"stat.pickup.tp.plump_pear":4,"stat.useItem.minecraft.cobblestone":3,"stat.craftItem.minecraft.crafting_table":2,"stat.furnaceInteraction":8,"stat.pickup.enderio.block_enderman_skull":1,"stat.useItem.minecraft.lava_bucket":5,"stat.killEntity.Creeper":40,"stat.pickup.minecraft.jungle_stairs":41,"stat.pickup.minecraft.log":720,"stat.pickup.ae2wtlib.infinity_booster_card":14,"stat.craftItem.minecraft.jungle_stairs":16,"stat.pickup.mob_grinding_utils.ender_inhibitor_on":1,"stat.useItem.tombstone.gift":3,"stat.pickup.tombstone.crafting_ingredient":10,"stat.pickup.mob_grinding_utils.spikes":2,"stat.craftItem.mob_grinding_utils.fan_upgrade":1,"stat.pickup.polluted_earth.polluted_earth":61,"stat.entityKilledBy.Skeleton":2,"stat.craftItem.minecraft.stone_slab2":0,"stat.craftItem.mob_grinding_utils.fan":1,"stat.useItem.tp.plump_peach":5,"stat.pickup.projecte.transmutation_table":1,"stat.pickup.minecraft.sapling":40,"stat.pickup.minecraft.ender_pearl":158,"stat.sprintOneCm":340625,"stat.entityKilledBy.Enderman":1,"stat.pickup.minecraft.apple":5,"stat.pickup.minecraft.skull":6,"stat.craftItem.minecraft.stick":20,"stat.pickup.tombstone.magic_scroll":2,"stat.mineBlock.polluted_earth.polluted_earth":61,"stat.killEntity.Skeleton":36,"stat.useItem.tombstone.magic_scroll":1,"stat.useItem.nuclearcraft.dominos":1,"stat.craftItem.minecraft.bucket":2,"stat.craftItem.minecraft.planks":384,"stat.craftItem.minecraft.stone":2,"stat.mineBlock.minecraft.crafting_table":1,"stat.killEntity.Spider":1,"stat.mobKills":157,"stat.mineBlock.minecraft.log":724,"stat.mineBlock.minecraft.jungle_stairs":41,"stat.craftItem.minecraft.cooked_chicken":1,"stat.pickup.minecraft.lever":1,"stat.mineBlock.minecraft.planks":217,"stat.deaths":10,"stat.mineBlock.mob_grinding_utils.fan":4,"stat.drop":4,"stat.mineBlock.minecraft.leaves":6,"stat.pickup.ftbquests.lootcrate":81,"stat.playOneMinute":394737,"stat.pickup.minecraft.torch":9,"stat.useItem.minecraft.jungle_stairs":27,"stat.sneakTime":40040,"stat.killEntity.Zombie":39,"stat.mineBlock.tp.cobblegen_block":1,"stat.useItem.speedyhoppers.speedyhopper_mk1":2,"stat.diveOneCm":22313,"stat.mineBlock.mob_grinding_utils.spikes":3,"stat.pickup.minecraft.chest":5}