{
    "pools": [
        {
            "rolls": 1,
            "entries": [
                {
                    "type": "minecraft:item",
                    "name": "minecraft:written_book",
                    "functions": [
                        {
                            "function": "minecraft:set_nbt",
                            "tag": "{HideFlags:32,ps_boe:0,title:\"Book of Experience\",author:\"\",generation:3,pages:['[\"\",{\"text\":\"  >>\",\"color\":\"green\"},{\"text\":\" Take Levels \",\"color\":\"dark_green\",\"bold\":true},{\"text\":\"<<\",\"color\":\"green\",\"bold\":false},{\"text\":\"\\\\n\"},{\"text\":\"          [ +\",\"color\":\"blue\",\"hoverEvent\":{\"action\":\"show_text\",\"contents\":[{\"text\":\"+1 Levels\"}]},\"clickEvent\":{\"action\":\"run_command\",\"value\":\"/trigger ps_boe set 2\"}},{\"text\":\"0\",\"color\":\"#FFFAEA\",\"hoverEvent\":{\"action\":\"show_text\",\"contents\":[{\"text\":\"+1 Levels\"}]},\"clickEvent\":{\"action\":\"run_command\",\"value\":\"/trigger ps_boe set 2\"}},{\"text\":\"1 ]\\\\n\",\"color\":\"blue\",\"hoverEvent\":{\"action\":\"show_text\",\"contents\":[{\"text\":\"+1 Levels\"}]},\"clickEvent\":{\"action\":\"run_command\",\"value\":\"/trigger ps_boe set 2\"}},{\"text\":\"          [ +\",\"color\":\"blue\",\"hoverEvent\":{\"action\":\"show_text\",\"contents\":[{\"text\":\"+3 Levels\"}]},\"clickEvent\":{\"action\":\"run_command\",\"value\":\"/trigger ps_boe set 3\"}},{\"text\":\"0\",\"color\":\"#FFFAEA\",\"hoverEvent\":{\"action\":\"show_text\",\"contents\":[{\"text\":\"+3 Levels\"}]},\"clickEvent\":{\"action\":\"run_command\",\"value\":\"/trigger ps_boe set 3\"}},{\"text\":\"3 ]\\\\n\",\"color\":\"blue\",\"hoverEvent\":{\"action\":\"show_text\",\"contents\":[{\"text\":\"+3 Levels\"}]},\"clickEvent\":{\"action\":\"run_command\",\"value\":\"/trigger ps_boe set 3\"}},{\"text\":\"          [ +10 ]\\\\n\",\"color\":\"blue\",\"hoverEvent\":{\"action\":\"show_text\",\"contents\":[{\"text\":\"+10 Levels\"}]},\"clickEvent\":{\"action\":\"run_command\",\"value\":\"/trigger ps_boe set 9\"}},{\"text\":\"          [ +30 ]\",\"color\":\"blue\",\"hoverEvent\":{\"action\":\"show_text\",\"contents\":[{\"text\":\"+30 Levels\"}]},\"clickEvent\":{\"action\":\"run_command\",\"value\":\"/trigger ps_boe set 4\"}},{\"text\":\"\\\\n_\",\"color\":\"#FFF6E0\"},{\"text\":\"      [TAKE ALL]\\\\n\\\\n\",\"color\":\"dark_purple\",\"hoverEvent\":{\"action\":\"show_text\",\"contents\":[{\"text\":\"Take All Levels\"}]},\"clickEvent\":{\"action\":\"run_command\",\"value\":\"/trigger ps_boe set 5\"}},{\"text\":\" >>\",\"color\":\"green\"},{\"text\":\" Store Levels \",\"color\":\"dark_green\",\"bold\":true},{\"text\":\"<<\",\"color\":\"green\",\"bold\":false},{\"text\":\"\\\\n\"},{\"text\":\"          [ -\",\"color\":\"blue\",\"hoverEvent\":{\"action\":\"show_text\",\"contents\":[{\"text\":\"-1 Levels\"}]},\"clickEvent\":{\"action\":\"run_command\",\"value\":\"/trigger ps_boe set 6\"}},{\"text\":\"0\",\"color\":\"#FFFDF0\",\"hoverEvent\":{\"action\":\"show_text\",\"contents\":[{\"text\":\"-1 Levels\"}]},\"clickEvent\":{\"action\":\"run_command\",\"value\":\"/trigger ps_boe set 6\"}},{\"text\":\"1 ]\\\\n\",\"color\":\"blue\",\"hoverEvent\":{\"action\":\"show_text\",\"contents\":[{\"text\":\"-1 Levels\"}]},\"clickEvent\":{\"action\":\"run_command\",\"value\":\"/trigger ps_boe set 6\"}},{\"text\":\"          [ -\",\"color\":\"blue\",\"hoverEvent\":{\"action\":\"show_text\",\"contents\":[{\"text\":\"-3 Levels\"}]},\"clickEvent\":{\"action\":\"run_command\",\"value\":\"/trigger ps_boe set 10\"}},{\"text\":\"0\",\"color\":\"#FFFDF0\",\"hoverEvent\":{\"action\":\"show_text\",\"contents\":[{\"text\":\"-3 Levels\"}]},\"clickEvent\":{\"action\":\"run_command\",\"value\":\"/trigger ps_boe set 10\"}},{\"text\":\"3 ]\\\\n\",\"color\":\"blue\",\"hoverEvent\":{\"action\":\"show_text\",\"contents\":[{\"text\":\"-3 Levels\"}]},\"clickEvent\":{\"action\":\"run_command\",\"value\":\"/trigger ps_boe set 10\"}},{\"text\":\"          [ -10 ]\\\\n\",\"color\":\"blue\",\"hoverEvent\":{\"action\":\"show_text\",\"contents\":[{\"text\":\"-10 Levels\"}]},\"clickEvent\":{\"action\":\"run_command\",\"value\":\"/trigger ps_boe set 11\"}},{\"text\":\"          [ -30 ]\",\"color\":\"blue\",\"hoverEvent\":{\"action\":\"show_text\",\"contents\":[{\"text\":\"-30 Levels\"}]},\"clickEvent\":{\"action\":\"run_command\",\"value\":\"/trigger ps_boe set 7\"}},{\"text\":\"\\\\n       [STORE ALL]\",\"color\":\"dark_purple\",\"hoverEvent\":{\"action\":\"show_text\",\"contents\":[{\"text\":\"Store All Levels\"}]},\"clickEvent\":{\"action\":\"run_command\",\"value\":\"/trigger ps_boe set 8\"}}]']}"
                        },
                        {
                            "function": "minecraft:set_lore",
                            "lore": [
                                [
                                    {
                                        "text": "0",
                                        "color": "white",
                                        "italic": false
                                    },
                                    {
                                        "text": " Experience Stored",
                                        "color": "dark_gray",
                                        "italic": false
                                    }
                                ]
                            ]
                        },
                        {
                            "function": "minecraft:set_name",
                            "name": [
                                {
                                    "text": "Book ",
                                    "color": "#B9E45A",
                                    "italic": false
                                },
                                {
                                    "text": "of ",
                                    "color": "#72B036",
                                    "italic": false
                                },
                                {
                                    "text": "Experience",
                                    "color": "#27753B",
                                    "italic": false
                                }
                            ]
                        }
                    ]
                }
            ]
        }
    ]
}
