{
	"criteria": {
		"1": {
			"trigger": "minecraft:inventory_changed",
			"conditions": {
				"items": [
					{
						"components": {
							"minecraft:repair_cost": 1
						}
					}
				]
			}
		},
		"3": {
			"trigger": "minecraft:inventory_changed",
			"conditions": {
				"items": [
					{
						"components": {
							"minecraft:repair_cost": 3
						}
					}
				]
			}
		},
		"7": {
			"trigger": "minecraft:inventory_changed",
			"conditions": {
				"items": [
					{
						"components": {
							"minecraft:repair_cost": 7
						}
					}
				]
			}
		},
		"15": {
			"trigger": "minecraft:inventory_changed",
			"conditions": {
				"items": [
					{
						"components": {
							"minecraft:repair_cost": 15
						}
					}
				]
			}
		},
		"31": {
			"trigger": "minecraft:inventory_changed",
			"conditions": {
				"items": [
					{
						"components": {
							"minecraft:repair_cost": 31
						}
					}
				]
			}
		},
		"63": {
			"trigger": "minecraft:inventory_changed",
			"conditions": {
				"items": [
					{
						"components": {
							"minecraft:repair_cost": 63
						}
					}
				]
			}
		}
	},
	"requirements": [
		[
			"1",
			"3",
			"7",
			"15",
			"31",
			"63"
		]
	],
	"rewards": {
		"function": "no_repair_cost:remove_repair_cost"
	},
	"sends_telemetry_event": false
}
