{"stat.useItem.chiselsandbits.chiseled_wood":1,"stat.pickup.minecraft.wooden_slab":176,"stat.mineBlock.storagedrawers.basicdrawers":2,"stat.leaveGame":6,"stat.craftItem.minecraft.iron_axe":1,"stat.pickup.tombstone.familiar_stone":1,"stat.pickup.alchemistry.element":395,"stat.pickup.speedyhoppers.speedyhopper_mk3":2,"stat.pickup.speedyhoppers.speedyhopper_mk2":2,"stat.useItem.minecraft.planks":505,"stat.useItem.tombstone.familiar_stone":3,"stat.craftItem.minecraft.stone_pressure_plate":8,"stat.pickup.enderstorage.ender_storage":3,"stat.craftItem.architecturecraft.sawbench":1,"stat.useItem.minecraft.water_bucket":55,"stat.pickup.minecraft.rotten_flesh":965,"stat.pickup.alchemistry.compound":232,"stat.craftItem.alchemistry.liquifier":1,"stat.craftItem.minecraft.stone_axe":2,"stat.useItem.tp.plump_pear":2,"stat.killEntity.Enderman":38,"stat.mineBlock.minecraft.wooden_slab":167,"stat.mineBlock.alchemistry.evaporator":1,"stat.useItem.minecraft.ender_pearl":17,"stat.pickup.chiselsandbits.chiseled_wood":2,"stat.useItem.polluted_earth.polluted_earth":65,"stat.hopperInspected":6,"stat.craftItem.projecte.item.pe_covalence_dust":40,"stat.pickup.mob_grinding_utils.fan_upgrade":4,"stat.pickup.appliedenergistics2.sky_stone_block":2,"stat.mineBlock.minecraft.hopper":2,"stat.furnaceInteraction":15,"stat.drop.minecraft.red_flower":7,"stat.pickup.mob_grinding_utils.ender_inhibitor_on":1,"stat.pickup.minecraft.furnace":1,"stat.pickup.mob_grinding_utils.spikes":2,"stat.useItem.tp.monster_jerky":54,"stat.useItem.tp.plump_peach":5,"stat.pickup.inspirations.potato_seeds":22,"stat.pickup.minecraft.skull":6,"stat.pickup.tombstone.magic_scroll":3,"stat.useItem.betterbuilderswands.wanddiamond":79,"stat.useItem.minecraft.dye":91,"stat.mineBlock.minecraft.jungle_stairs":41,"stat.pickup.alchemistry.evaporator":1,"stat.mineBlock.enderstorage.ender_storage":3,"stat.pickup.minecraft.lever":1,"stat.deaths":11,"stat.playOneMinute":836802,"stat.useItem.minecraft.jungle_stairs":27,"stat.mineBlock.minecraft.tallgrass":504,"stat.chestOpened":491,"stat.craftItem.tp.cobblegen_block":1,"stat.pickup.minecraft.arrow":478,"stat.drop.chiselsandbits.chisel_diamond":1,"stat.mineBlock.appliedenergistics2.sky_stone_block":2,"stat.useItem.betterbuilderswands.wandstone":18,"stat.craftItem.minecraft.coal":33,"stat.craftItem.mob_grinding_utils.spikes":2,"stat.fallOneCm":304877,"stat.craftItem.alchemistry.obsidian_breaker":36,"stat.crouchOneCm":218454,"stat.mineBlock.minecraft.chest":8,"stat.craftItem.minecraft.chest":124,"stat.mineBlock.minecraft.lever":2,"stat.craftItem.minecraft.hopper":3,"stat.craftingTableInteraction":106,"stat.mineBlock.minecraft.log2":443,"stat.mineBlock.architecturecraft.shape":19,"stat.pickup.minecraft.planks":272,"stat.craftItem.minecraft.diamond_shovel":1,"stat.pickup.minecraft.wheat_seeds":32,"stat.useItem.minecraft.stone_pickaxe":21,"stat.pickup.mob_grinding_utils.fan":4,"stat.mineBlock.minecraft.dirt":35,"stat.drop.alchemistry.compound":17,"stat.drop.minecraft.iron_axe":1,"stat.useItem.minecraft.torch":89,"stat.pickup.inspirations.carrot_seeds":11,"stat.craftItem.minecraft.redstone_block":1,"stat.useItem.minecraft.log":155,"stat.pickup.minecraft.crafting_table":1,"stat.pickup.tp.plump_pear":4,"stat.useItem.minecraft.cobblestone":3,"stat.craftItem.minecraft.crafting_table":2,"stat.mineBlock.minecraft.double_plant":4,"stat.pickup.minecraft.log":731,"stat.craftItem.mob_grinding_utils.fan_upgrade":1,"stat.pickup.polluted_earth.polluted_earth":61,"stat.craftItem.betterbuilderswands.wanddiamond":1,"stat.craftItem.mob_grinding_utils.fan":1,"stat.pickup.minecraft.hopper":2,"stat.useItem.architecturecraft.hammer":12,"stat.pickup.minecraft.sapling":52,"stat.entityKilledBy.Enderman":1,"stat.pickup.minecraft.apple":8,"stat.useItem.nuclearcraft.dominos":1,"stat.craftItem.minecraft.bucket":2,"stat.craftItem.minecraft.planks":2120,"stat.mineBlock.speedyhoppers.speedyhopper_mk2":2,"stat.mineBlock.speedyhoppers.speedyhopper_mk3":3,"stat.mineBlock.morefurnaces.furnaceblock":3,"stat.craftItem.architecturecraft.chisel":1,"stat.useItem.minecraft.stonebrick":396,"stat.mineBlock.minecraft.log":730,"stat.craftItem.minecraft.cooked_chicken":1,"stat.pickup.minecraft.red_flower":63,"stat.sneakTime":68124,"stat.craftItem.tp.monster_jerky":86,"stat.useItem.speedyhoppers.speedyhopper_mk3":3,"stat.useItem.speedyhoppers.speedyhopper_mk1":2,"stat.drop.minecraft.yellow_flower":2,"stat.pickup.minecraft.yellow_flower":47,"stat.pickup.minecraft.chest":8,"stat.craftItem.minecraft.diamond_chestplate":1,"stat.craftItem.speedyhoppers.speedyhopper_mk1":2,"stat.pickup.minecraft.bone":695,"stat.craftItem.storagedrawers.basicdrawers":1,"stat.craftItem.minecraft.diamond_leggings":1,"stat.useItem.minecraft.iron_axe":219,"stat.mineBlock.minecraft.cobblestone":3,"stat.craftItem.morecharcoal.charcoal_chunk":40,"stat.mineBlock.minecraft.yellow_flower":27,"stat.drop.alchemistry.slot_filler":2,"stat.useItem.minecraft.diamond_sword":663,"stat.craftItem.minecraft.diamond_helmet":1,"stat.craftItem.alchemistry.slot_filler":14,"stat.swimOneCm":28492,"stat.drop.minecraft.cobblestone":3,"stat.pickup.alchemistry.slot_filler":5,"stat.pickup.tp.plump_peach":5,"stat.craftItem.projecte.alchemical_chest":1,"stat.craftItem.architecturecraft.sawblade":1,"stat.useItem.minecraft.dirt":58,"stat.useItem.minecraft.stone_slab2":126,"stat.pickup.minecraft.bow":1,"stat.craftItem.morefurnaces.furnaceblock":5,"stat.pickup.alchemistry.liquifier":1,"stat.craftItem.minecraft.furnace":4,"stat.useItem.morefurnaces.furnaceblock":1,"stat.pickup.tp.cobblegen_block":1,"stat.drop.chiselsandbits.chiseled_wood":1,"stat.pickup.minecraft.cobblestone":102,"stat.mineBlock.projecte.transmutation_table":1,"stat.mineBlock.alchemistry.liquifier":1,"stat.flyOneCm":460829,"stat.craftItem.minecraft.wooden_slab":216,"stat.pickup.architecturecraft.shape":17,"stat.timeSinceDeath":17862,"stat.useItem.minecraft.wooden_slab":316,"stat.craftItem.minecraft.iron_block":2,"stat.craftItem.minecraft.stonebrick":1824,"stat.pickup.minecraft.stonebrick":106,"stat.pickup.enderio.block_enderman_skull":1,"stat.killEntity.Creeper":40,"stat.pickup.minecraft.jungle_stairs":41,"stat.pickup.minecraft.string":6,"stat.pickup.ae2wtlib.infinity_booster_card":24,"stat.craftItem.minecraft.jungle_stairs":16,"stat.pickup.tombstone.crafting_ingredient":10,"stat.entityKilledBy.Skeleton":2,"stat.craftItem.minecraft.stone_slab2":0,"stat.useItem.architecturecraft.shape":24,"stat.sprintOneCm":819993,"stat.pickup.morefurnaces.furnaceblock":3,"stat.craftItem.minecraft.stick":160,"stat.mineBlock.polluted_earth.polluted_earth":61,"stat.useItem.tombstone.magic_scroll":1,"stat.craftItem.minecraft.stone":272,"stat.useItem.minecraft.snowball":4,"stat.mineBlock.minecraft.crafting_table":1,"stat.useItem.minecraft.diamond_pickaxe":82,"stat.craftItem.minecraft.wooden_pressure_plate":1,"stat.mineBlock.minecraft.planks":296,"stat.drop":38,"stat.craftItem.minecraft.diamond_pickaxe":1,"stat.killEntity.Zombie":46,"stat.craftItem.minecraft.dye":169,"stat.pickup.chiselsandbits.chisel_diamond":1,"stat.craftItem.minecraft.diamond_axe":1,"stat.diveOneCm":39492,"stat.pickup.storagedrawers.basicdrawers":2,"stat.craftItem.projecte.condenser_mk1":1,"stat.useItem.minecraft.diamond_axe":90,"stat.useItem.minecraft.apple":2,"stat.craftItem.minecraft.diamond_sword":1,"stat.jump":2543,"stat.pickup.minecraft.coal":37,"stat.craftItem.minecraft.lever":2,"stat.useItem.minecraft.stone_axe":258,"stat.pickup.minecraft.gunpowder":491,"stat.pickup.minecraft.spider_eye":1,"stat.craftItem.minecraft.torch":276,"stat.pickup.minecraft.dirt":30,"stat.useItem.minecraft.cooked_chicken":1,"stat.useItem.minecraft.sapling":58,"stat.pickup.minecraft.iron_axe":1,"stat.damageTaken":4441,"stat.mineBlock.minecraft.torch":19,"stat.mineBlock.minecraft.furnace":1,"stat.mineBlock.minecraft.red_flower":53,"stat.mineBlock.minecraft.sapling":11,"stat.pickup.minecraft.log2":443,"stat.entityKilledBy.ZombieVillager":1,"tombstone:undead_killed":82,"stat.useItem.mob_grinding_utils.spikes":4,"stat.damageDealt":40302,"stat.craftItem.minecraft.glass":1,"stat.craftItem.minecraft.iron_sword":6,"stat.craftItem.minecraft.stone_slab":6,"stat.walkOneCm":614358,"stat.useItem.minecraft.chest":111,"stat.pickup.minecraft.stick":13,"stat.craftItem.alchemistry.evaporator":1,"stat.useItem.minecraft.lava_bucket":13,"stat.craftItem.architecturecraft.hammer":1,"stat.craftItem.minecraft.diamond_boots":1,"stat.useItem.tombstone.gift":3,"stat.pickup.projecte.transmutation_table":1,"stat.pickup.minecraft.ender_pearl":239,"stat.killEntity.Skeleton":36,"stat.craftItem.architecturecraft.largepulley":1,"stat.mineBlock.minecraft.stonebrick":52,"stat.killEntity.Spider":7,"stat.mobKills":172,"stat.mineBlock.mob_grinding_utils.fan":4,"stat.mineBlock.minecraft.leaves":6,"stat.pickup.ftbquests.lootcrate":144,"stat.pickup.minecraft.torch":18,"stat.craftItem.minecraft.coal_block":109,"stat.mineBlock.tp.cobblegen_block":1,"stat.drop.minecraft.arrow":4,"stat.mineBlock.mob_grinding_utils.spikes":3}