{"stat.craftItem.minecraft.diamond_chestplate":1,"stat.craftItem.speedyhoppers.speedyhopper_mk1":2,"stat.pickup.minecraft.bone":548,"stat.pickup.minecraft.wooden_slab":173,"stat.craftItem.storagedrawers.basicdrawers":1,"stat.mineBlock.storagedrawers.basicdrawers":2,"stat.craftItem.minecraft.diamond_leggings":1,"stat.useItem.minecraft.iron_axe":219,"stat.leaveGame":3,"stat.mineBlock.minecraft.cobblestone":3,"stat.craftItem.morecharcoal.charcoal_chunk":40,"stat.craftItem.minecraft.iron_axe":1,"stat.pickup.tombstone.familiar_stone":1,"stat.useItem.minecraft.diamond_sword":614,"stat.craftItem.minecraft.diamond_helmet":1,"stat.swimOneCm":21107,"stat.useItem.minecraft.planks":271,"stat.useItem.tombstone.familiar_stone":3,"stat.craftItem.minecraft.stone_pressure_plate":8,"stat.drop.minecraft.cobblestone":3,"stat.pickup.tp.plump_peach":5,"stat.craftItem.projecte.alchemical_chest":1,"stat.pickup.enderstorage.ender_storage":1,"stat.useItem.minecraft.dirt":12,"stat.useItem.minecraft.stone_slab2":93,"stat.pickup.minecraft.bow":1,"stat.craftItem.morefurnaces.furnaceblock":5,"stat.useItem.minecraft.water_bucket":39,"stat.pickup.alchemistry.liquifier":1,"stat.pickup.minecraft.rotten_flesh":812,"stat.craftItem.minecraft.furnace":4,"stat.pickup.alchemistry.compound":11,"stat.useItem.morefurnaces.furnaceblock":1,"stat.craftItem.alchemistry.liquifier":1,"stat.craftItem.minecraft.stone_axe":2,"stat.pickup.tp.cobblegen_block":1,"stat.useItem.tp.plump_pear":2,"stat.killEntity.Enderman":38,"stat.pickup.minecraft.cobblestone":14,"stat.mineBlock.minecraft.wooden_slab":164,"stat.mineBlock.projecte.transmutation_table":1,"stat.mineBlock.alchemistry.evaporator":1,"stat.mineBlock.alchemistry.liquifier":1,"stat.flyOneCm":285821,"stat.useItem.minecraft.ender_pearl":10,"stat.craftItem.minecraft.wooden_slab":216,"stat.timeSinceDeath":158377,"stat.useItem.polluted_earth.polluted_earth":65,"stat.hopperInspected":3,"stat.useItem.minecraft.wooden_slab":316,"stat.craftItem.projecte.item.pe_covalence_dust":40,"stat.craftItem.minecraft.iron_block":2,"stat.pickup.mob_grinding_utils.fan_upgrade":4,"stat.mineBlock.minecraft.hopper":1,"stat.furnaceInteraction":15,"stat.pickup.enderio.block_enderman_skull":1,"stat.killEntity.Creeper":40,"stat.pickup.minecraft.jungle_stairs":41,"stat.pickup.ae2wtlib.infinity_booster_card":15,"stat.craftItem.minecraft.jungle_stairs":16,"stat.pickup.mob_grinding_utils.ender_inhibitor_on":1,"stat.pickup.minecraft.furnace":1,"stat.pickup.tombstone.crafting_ingredient":10,"stat.pickup.mob_grinding_utils.spikes":2,"stat.entityKilledBy.Skeleton":2,"stat.craftItem.minecraft.stone_slab2":0,"stat.useItem.tp.monster_jerky":13,"stat.useItem.tp.plump_peach":5,"stat.sprintOneCm":424747,"stat.pickup.morefurnaces.furnaceblock":2,"stat.pickup.minecraft.skull":6,"stat.craftItem.minecraft.stick":24,"stat.pickup.tombstone.magic_scroll":2,"stat.mineBlock.polluted_earth.polluted_earth":61,"stat.useItem.tombstone.magic_scroll":1,"stat.craftItem.minecraft.stone":12,"stat.useItem.minecraft.snowball":4,"stat.useItem.betterbuilderswands.wanddiamond":5,"stat.mineBlock.minecraft.crafting_table":1,"stat.mineBlock.minecraft.jungle_stairs":41,"stat.pickup.alchemistry.evaporator":1,"stat.mineBlock.enderstorage.ender_storage":1,"stat.pickup.minecraft.lever":1,"stat.mineBlock.minecraft.planks":217,"stat.deaths":10,"stat.drop":23,"stat.playOneMinute":538400,"stat.useItem.minecraft.jungle_stairs":27,"stat.craftItem.minecraft.diamond_pickaxe":1,"stat.killEntity.Zombie":41,"stat.craftItem.minecraft.diamond_axe":1,"stat.diveOneCm":22313,"stat.chestOpened":267,"stat.pickup.storagedrawers.basicdrawers":2,"stat.craftItem.tp.cobblegen_block":1,"stat.pickup.minecraft.arrow":297,"stat.craftItem.projecte.condenser_mk1":1,"stat.useItem.minecraft.apple":2,"stat.useItem.betterbuilderswands.wandstone":18,"stat.craftItem.minecraft.coal":1,"stat.craftItem.mob_grinding_utils.spikes":2,"stat.craftItem.minecraft.diamond_sword":1,"stat.jump":1687,"stat.pickup.minecraft.coal":37,"stat.fallOneCm":295504,"stat.craftItem.alchemistry.obsidian_breaker":36,"stat.craftItem.minecraft.lever":2,"stat.useItem.minecraft.stone_axe":258,"stat.pickup.minecraft.gunpowder":329,"stat.crouchOneCm":118029,"stat.mineBlock.minecraft.chest":5,"stat.craftItem.minecraft.chest":10,"stat.craftItem.minecraft.torch":20,"stat.pickup.minecraft.dirt":21,"stat.mineBlock.minecraft.lever":2,"stat.craftItem.minecraft.hopper":2,"stat.useItem.minecraft.cooked_chicken":1,"stat.craftingTableInteraction":78,"stat.useItem.minecraft.sapling":35,"stat.pickup.minecraft.iron_axe":1,"stat.damageTaken":3430,"stat.mineBlock.minecraft.torch":8,"stat.mineBlock.minecraft.furnace":1,"stat.mineBlock.minecraft.sapling":6,"stat.pickup.minecraft.planks":175,"tombstone:undead_killed":77,"stat.craftItem.minecraft.diamond_shovel":1,"stat.useItem.mob_grinding_utils.spikes":4,"stat.useItem.minecraft.stone_pickaxe":21,"stat.pickup.mob_grinding_utils.fan":4,"stat.damageDealt":37700,"stat.craftItem.minecraft.glass":1,"stat.mineBlock.minecraft.dirt":22,"stat.drop.alchemistry.compound":17,"stat.craftItem.minecraft.iron_sword":6,"stat.craftItem.minecraft.stone_slab":6,"stat.drop.minecraft.iron_axe":1,"stat.walkOneCm":382335,"stat.useItem.minecraft.torch":18,"stat.useItem.minecraft.chest":6,"stat.pickup.minecraft.stick":9,"stat.craftItem.minecraft.redstone_block":1,"stat.useItem.minecraft.log":155,"stat.pickup.minecraft.crafting_table":1,"stat.pickup.tp.plump_pear":4,"stat.useItem.minecraft.cobblestone":3,"stat.craftItem.minecraft.crafting_table":2,"stat.craftItem.alchemistry.evaporator":1,"stat.useItem.minecraft.lava_bucket":13,"stat.pickup.minecraft.log":725,"stat.craftItem.minecraft.diamond_boots":1,"stat.useItem.tombstone.gift":3,"stat.craftItem.mob_grinding_utils.fan_upgrade":1,"stat.pickup.polluted_earth.polluted_earth":61,"stat.craftItem.betterbuilderswands.wanddiamond":1,"stat.craftItem.mob_grinding_utils.fan":1,"stat.pickup.minecraft.hopper":1,"stat.pickup.projecte.transmutation_table":1,"stat.pickup.minecraft.sapling":40,"stat.pickup.minecraft.ender_pearl":176,"stat.entityKilledBy.Enderman":1,"stat.pickup.minecraft.apple":5,"stat.killEntity.Skeleton":36,"stat.useItem.nuclearcraft.dominos":1,"stat.craftItem.minecraft.bucket":2,"stat.craftItem.minecraft.planks":384,"stat.killEntity.Spider":1,"stat.mineBlock.morefurnaces.furnaceblock":2,"stat.mobKills":159,"stat.mineBlock.minecraft.log":724,"stat.craftItem.minecraft.cooked_chicken":1,"stat.mineBlock.mob_grinding_utils.fan":4,"stat.mineBlock.minecraft.leaves":6,"stat.pickup.ftbquests.lootcrate":83,"stat.pickup.minecraft.torch":9,"stat.sneakTime":42086,"stat.craftItem.tp.monster_jerky":86,"stat.mineBlock.tp.cobblegen_block":1,"stat.drop.minecraft.arrow":2,"stat.useItem.speedyhoppers.speedyhopper_mk1":2,"stat.mineBlock.mob_grinding_utils.spikes":3,"stat.pickup.minecraft.chest":5}