{"stat.chestOpened":18,"stat.pickup.minecraft.bone":8,"stat.pickup.minecraft.wooden_slab":106,"stat.leaveGame":1,"stat.pickup.minecraft.arrow":16,"stat.pickup.tombstone.familiar_stone":1,"stat.useItem.minecraft.diamond_sword":190,"stat.useItem.betterbuilderswands.wandstone":18,"stat.jump":409,"stat.fallOneCm":40016,"stat.useItem.minecraft.planks":139,"stat.useItem.tombstone.familiar_stone":3,"stat.useItem.minecraft.stone_axe":258,"stat.pickup.minecraft.gunpowder":21,"stat.crouchOneCm":78772,"stat.craftItem.minecraft.chest":1,"stat.craftItem.minecraft.torch":20,"stat.pickup.minecraft.dirt":2,"stat.useItem.minecraft.stone_slab2":40,"stat.pickup.minecraft.bow":1,"stat.craftingTableInteraction":11,"stat.pickup.minecraft.rotten_flesh":7,"stat.useItem.minecraft.sapling":16,"stat.craftItem.minecraft.stone_axe":2,"stat.damageTaken":695,"stat.mineBlock.minecraft.torch":1,"stat.killEntity.Enderman":13,"stat.mineBlock.minecraft.wooden_slab":100,"stat.pickup.minecraft.planks":75,"stat.flyOneCm":32222,"stat.useItem.minecraft.ender_pearl":2,"tombstone:undead_killed":17,"stat.craftItem.minecraft.wooden_slab":216,"stat.damageDealt":12185,"stat.timeSinceDeath":14893,"stat.useItem.polluted_earth.polluted_earth":47,"stat.mineBlock.minecraft.dirt":2,"stat.useItem.minecraft.wooden_slab":216,"stat.walkOneCm":204669,"stat.useItem.minecraft.torch":5,"stat.pickup.minecraft.stick":2,"stat.useItem.minecraft.log":78,"stat.pickup.minecraft.crafting_table":1,"stat.pickup.tp.plump_pear":1,"stat.craftItem.minecraft.crafting_table":2,"stat.pickup.enderio.block_enderman_skull":1,"stat.killEntity.Creeper":17,"stat.pickup.minecraft.jungle_stairs":41,"stat.pickup.minecraft.log":358,"stat.pickup.ae2wtlib.infinity_booster_card":1,"stat.craftItem.minecraft.jungle_stairs":16,"stat.useItem.tombstone.gift":1,"stat.pickup.polluted_earth.polluted_earth":46,"stat.entityKilledBy.Skeleton":1,"stat.pickup.minecraft.sapling":21,"stat.pickup.minecraft.ender_pearl":9,"stat.sprintOneCm":60844,"stat.entityKilledBy.Enderman":1,"stat.pickup.minecraft.apple":1,"stat.pickup.minecraft.skull":2,"stat.craftItem.minecraft.stick":12,"stat.mineBlock.polluted_earth.polluted_earth":46,"stat.killEntity.Skeleton":11,"stat.craftItem.minecraft.planks":268,"stat.mineBlock.minecraft.crafting_table":1,"stat.mobKills":50,"stat.mineBlock.minecraft.log":358,"stat.mineBlock.minecraft.jungle_stairs":41,"stat.mineBlock.minecraft.planks":114,"stat.deaths":2,"stat.mineBlock.minecraft.leaves":2,"stat.pickup.ftbquests.lootcrate":3,"stat.playOneMinute":117603,"stat.pickup.minecraft.torch":1,"stat.useItem.minecraft.jungle_stairs":27,"stat.sneakTime":24188,"stat.killEntity.Zombie":6}