{"stat.chestOpened":97,"stat.craftItem.speedyhoppers.speedyhopper_mk1":2,"stat.pickup.minecraft.bone":31,"stat.pickup.minecraft.wooden_slab":114,"stat.leaveGame":2,"stat.pickup.minecraft.arrow":44,"stat.craftItem.morecharcoal.charcoal_chunk":40,"stat.useItem.minecraft.apple":1,"stat.pickup.tombstone.familiar_stone":1,"stat.useItem.minecraft.diamond_sword":536,"stat.useItem.betterbuilderswands.wandstone":18,"stat.craftItem.mob_grinding_utils.spikes":2,"stat.jump":789,"stat.swimOneCm":1823,"stat.pickup.minecraft.coal":37,"stat.fallOneCm":279136,"stat.useItem.minecraft.planks":139,"stat.useItem.tombstone.familiar_stone":3,"stat.useItem.minecraft.stone_axe":258,"stat.pickup.tp.plump_peach":3,"stat.pickup.minecraft.gunpowder":33,"stat.crouchOneCm":90370,"stat.mineBlock.minecraft.chest":5,"stat.craftItem.minecraft.chest":6,"stat.craftItem.minecraft.torch":20,"stat.pickup.minecraft.dirt":12,"stat.useItem.minecraft.dirt":4,"stat.useItem.minecraft.stone_slab2":48,"stat.pickup.minecraft.bow":1,"stat.craftItem.minecraft.hopper":2,"stat.useItem.minecraft.water_bucket":3,"stat.craftingTableInteraction":29,"stat.pickup.minecraft.rotten_flesh":36,"stat.craftItem.minecraft.furnace":1,"stat.pickup.alchemistry.compound":8,"stat.useItem.minecraft.sapling":27,"stat.craftItem.minecraft.stone_axe":2,"stat.damageTaken":1900,"stat.mineBlock.minecraft.torch":2,"stat.killEntity.Enderman":34,"stat.mineBlock.minecraft.sapling":5,"stat.mineBlock.minecraft.wooden_slab":106,"stat.pickup.minecraft.planks":76,"stat.flyOneCm":119060,"stat.useItem.minecraft.ender_pearl":4,"tombstone:undead_killed":68,"stat.craftItem.minecraft.wooden_slab":216,"stat.damageDealt":33268,"stat.timeSinceDeath":56730,"stat.useItem.polluted_earth.polluted_earth":55,"stat.mineBlock.minecraft.dirt":12,"stat.useItem.minecraft.wooden_slab":247,"stat.craftItem.minecraft.iron_sword":6,"stat.craftItem.minecraft.stone_slab":6,"stat.craftItem.minecraft.iron_block":2,"stat.walkOneCm":252510,"stat.useItem.minecraft.torch":13,"stat.useItem.minecraft.chest":6,"stat.pickup.minecraft.stick":4,"stat.craftItem.minecraft.redstone_block":1,"stat.useItem.minecraft.log":80,"stat.pickup.minecraft.crafting_table":1,"stat.pickup.tp.plump_pear":2,"stat.craftItem.minecraft.crafting_table":2,"stat.pickup.enderio.block_enderman_skull":1,"stat.killEntity.Creeper":36,"stat.pickup.minecraft.jungle_stairs":41,"stat.pickup.minecraft.log":501,"stat.pickup.ae2wtlib.infinity_booster_card":2,"stat.craftItem.minecraft.jungle_stairs":16,"stat.useItem.tombstone.gift":3,"stat.pickup.tombstone.crafting_ingredient":8,"stat.pickup.mob_grinding_utils.spikes":1,"stat.craftItem.mob_grinding_utils.fan_upgrade":1,"stat.pickup.polluted_earth.polluted_earth":56,"stat.entityKilledBy.Skeleton":1,"stat.craftItem.mob_grinding_utils.fan":1,"stat.useItem.tp.plump_peach":3,"stat.pickup.minecraft.sapling":33,"stat.pickup.minecraft.ender_pearl":16,"stat.sprintOneCm":185147,"stat.entityKilledBy.Enderman":1,"stat.pickup.minecraft.apple":3,"stat.pickup.minecraft.skull":6,"stat.craftItem.minecraft.stick":16,"stat.pickup.tombstone.magic_scroll":1,"stat.mineBlock.polluted_earth.polluted_earth":56,"stat.killEntity.Skeleton":36,"stat.useItem.tombstone.magic_scroll":1,"stat.useItem.nuclearcraft.dominos":1,"stat.craftItem.minecraft.bucket":1,"stat.craftItem.minecraft.planks":268,"stat.mineBlock.minecraft.crafting_table":1,"stat.mobKills":141,"stat.mineBlock.minecraft.log":501,"stat.mineBlock.minecraft.jungle_stairs":41,"stat.mineBlock.minecraft.planks":115,"stat.deaths":5,"stat.mineBlock.minecraft.leaves":6,"stat.pickup.ftbquests.lootcrate":16,"stat.playOneMinute":250736,"stat.pickup.minecraft.torch":2,"stat.useItem.minecraft.jungle_stairs":27,"stat.sneakTime":29440,"stat.killEntity.Zombie":32,"stat.pickup.minecraft.chest":5}