{"stat.useItem.chiselsandbits.chiseled_wood":1,"stat.pickup.minecraft.wooden_slab":186,"stat.mineBlock.storagedrawers.basicdrawers":3,"stat.leaveGame":14,"stat.craftItem.minecraft.iron_axe":1,"stat.pickup.tombstone.familiar_stone":4,"stat.pickup.alchemistry.element":395,"stat.useItem.xencraft.xen_sapling":3,"stat.craftItem.mob_grinding_utils.tank":2,"stat.craftItem.minecraft.ender_eye":3,"stat.pickup.speedyhoppers.speedyhopper_mk1":9,"stat.pickup.speedyhoppers.speedyhopper_mk3":5,"stat.mineBlock.mob_grinding_utils.absorption_hopper":3,"stat.pickup.speedyhoppers.speedyhopper_mk2":4,"stat.useItem.minecraft.planks":720,"stat.useItem.tombstone.familiar_stone":3,"stat.craftItem.minecraft.stone_pressure_plate":8,"stat.pickup.minecraft.glowstone_dust":4,"stat.pickup.enderstorage.ender_storage":6,"stat.pickup.minecraft.porkchop":1,"stat.craftItem.architecturecraft.sawbench":1,"stat.pickup.nuclearcraft.dominos":3,"stat.useItem.minecraft.water_bucket":126,"stat.pickup.minecraft.rotten_flesh":1571,"stat.pickup.alchemistry.compound":232,"stat.mineBlock.nuclearcraft.manufactory_idle":1,"stat.entityKilledBy.Spider":1,"stat.craftItem.alchemistry.liquifier":1,"stat.craftItem.minecraft.stone_axe":2,"stat.useItem.tp.plump_pear":2,"stat.killEntity.Enderman":41,"stat.mineBlock.minecraft.wooden_slab":349,"stat.mineBlock.alchemistry.evaporator":2,"stat.useItem.minecraft.ender_pearl":50,"stat.mineBlock.xencraft.xen_leaves":11,"stat.craftItem.deepmoblearning.soot_covered_plate":8,"stat.craftItem.xencraft.xen_gem_block":1,"stat.pickup.chiselsandbits.chiseled_wood":2,"stat.useItem.polluted_earth.polluted_earth":149,"stat.hopperInspected":12,"stat.pickup.architecturecraft.sawbench":1,"stat.craftItem.tp.diamond_cobblegen_block":1,"stat.craftItem.projecte.item.pe_covalence_dust":40,"stat.pickup.mob_grinding_utils.fan_upgrade":21,"stat.mineBlock.architecturecraft.sawbench":1,"stat.pickup.appliedenergistics2.sky_stone_block":127,"stat.pickup.xencraft.table":1,"stat.craftItem.minecraft.glass_pane":16,"stat.pickup.chemxtweaks.coin_d":33,"stat.mineBlock.minecraft.hopper":3,"stat.craftItem.tp.iron_cobblegen_block":1,"stat.craftItem.xencraft.table":1,"stat.furnaceInteraction":15,"stat.mineBlock.minecraft.dark_oak_stairs":2,"stat.useItem.minecraft.dark_oak_stairs":3,"stat.drop.minecraft.red_flower":7,"stat.pickup.nuclearcraft.manufactory_idle":1,"stat.pickup.mob_grinding_utils.ender_inhibitor_on":3,"stat.pickup.minecraft.beef":2,"stat.pickup.minecraft.furnace":1,"stat.pickup.mob_grinding_utils.spikes":6,"stat.useItem.tp.monster_jerky":222,"stat.useItem.tp.plump_peach":5,"stat.pickup.inspirations.potato_seeds":24,"stat.useItem.minecraft.trapdoor":11,"stat.pickup.minecraft.skull":7,"stat.pickup.tombstone.magic_scroll":7,"stat.craftItem.morecharcoal.charcoal_block":12,"stat.useItem.ftbquests.screen":3,"stat.pickup.mob_grinding_utils.absorption_hopper":3,"stat.pickup.deepmoblearning.soot_covered_redstone":3,"stat.mineBlock.mob_grinding_utils.xp_tap":2,"stat.pickup.tp.iron_cobblegen_block":1,"stat.useItem.betterbuilderswands.wanddiamond":164,"stat.craftItem.deepmoblearning.extraction_chamber":1,"stat.craftItem.projectex.stone_table":1,"stat.useItem.minecraft.hopper":3,"stat.useItem.minecraft.dye":105,"stat.mineBlock.minecraft.jungle_stairs":41,"stat.pickup.alchemistry.evaporator":2,"stat.mineBlock.enderstorage.ender_storage":3,"stat.pickup.minecraft.lever":2,"stat.deaths":30,"stat.pickup.minecraft.egg":1,"stat.playOneMinute":2002275,"stat.drop.minecraft.string":1,"stat.useItem.minecraft.jungle_stairs":27,"stat.mineBlock.xencraft.table":1,"stat.mineBlock.minecraft.tallgrass":554,"stat.useItem.mob_grinding_utils.absorption_hopper":2,"stat.chestOpened":1935,"stat.craftItem.tp.cobblegen_block":1,"stat.pickup.minecraft.arrow":1464,"stat.craftItem.minecraft.dark_oak_stairs":4,"stat.drop.chiselsandbits.chisel_diamond":1,"stat.mineBlock.appliedenergistics2.sky_stone_block":130,"stat.pickup.xencraft.xen_sapling":8,"stat.useItem.betterbuilderswands.wandstone":18,"stat.craftItem.minecraft.coal":670,"stat.craftItem.mob_grinding_utils.spikes":6,"stat.fallOneCm":1404621,"stat.craftItem.alchemistry.obsidian_breaker":36,"stat.crouchOneCm":452329,"stat.mineBlock.minecraft.chest":60,"stat.craftItem.minecraft.chest":160,"stat.mineBlock.minecraft.lever":2,"stat.pickup.bonsaitrees.bonsaipot":2,"stat.craftItem.minecraft.hopper":10,"stat.craftingTableInteraction":224,"stat.mineBlock.mob_grinding_utils.ender_inhibitor_on":2,"stat.mineBlock.minecraft.log2":849,"stat.mineBlock.architecturecraft.shape":80,"stat.pickup.minecraft.dye":567,"stat.pickup.minecraft.planks":465,"stat.craftItem.minecraft.diamond_shovel":2,"stat.pickup.minecraft.wheat_seeds":39,"stat.useItem.minecraft.stone_pickaxe":21,"stat.mineBlock.minecraft.glass":1,"stat.pickup.mob_grinding_utils.fan":8,"stat.mineBlock.minecraft.dirt":102,"stat.drop.alchemistry.compound":17,"stat.drop.minecraft.stick":1,"stat.drop.minecraft.iron_axe":1,"stat.useItem.minecraft.torch":349,"stat.pickup.inspirations.carrot_seeds":14,"stat.pickup.enderio.item_basic_item_filter":2,"stat.craftItem.minecraft.redstone_block":3,"stat.drop.minecraft.rotten_flesh":1,"stat.pickup.enderio.item_extract_speed_upgrade":7,"stat.useItem.minecraft.log":155,"stat.pickup.minecraft.crafting_table":6,"stat.pickup.tp.plump_pear":6,"stat.useItem.minecraft.cobblestone":4,"stat.mineBlock.alchemistry.chemical_dissolver":2,"stat.craftItem.minecraft.crafting_table":4,"stat.mineBlock.minecraft.double_plant":6,"stat.pickup.alchemistry.chemical_combiner":1,"stat.pickup.mob_grinding_utils.xp_tap":2,"stat.pickup.minecraft.log":731,"stat.mineBlock.elevatorid.elevator_pink":16,"stat.craftItem.ftbquests.screen":99,"stat.pickup.betterbuilderswands.wanddiamond":1,"stat.craftItem.enderio.item_basic_item_filter":4,"stat.craftItem.mob_grinding_utils.fan_upgrade":21,"stat.pickup.polluted_earth.polluted_earth":83,"stat.craftItem.betterbuilderswands.wanddiamond":2,"stat.craftItem.mob_grinding_utils.fan":3,"stat.drop.minecraft.planks":1,"stat.pickup.minecraft.hopper":3,"stat.useItem.architecturecraft.hammer":12,"stat.pickup.minecraft.sapling":71,"stat.entityKilledBy.Enderman":1,"stat.pickup.minecraft.apple":12,"stat.useItem.nuclearcraft.dominos":4,"stat.pickup.minecraft.coal_block":5,"stat.craftItem.minecraft.bucket":2,"stat.craftItem.minecraft.planks":2636,"stat.mineBlock.speedyhoppers.speedyhopper_mk2":4,"stat.mineBlock.speedyhoppers.speedyhopper_mk3":6,"stat.mineBlock.speedyhoppers.speedyhopper_mk1":8,"stat.mineBlock.morefurnaces.furnaceblock":12,"stat.craftItem.architecturecraft.chisel":1,"stat.useItem.minecraft.stonebrick":1162,"stat.mineBlock.minecraft.log":770,"stat.craftItem.minecraft.cooked_chicken":1,"stat.useItem.carryon.entity_item":10,"stat.craftItem.minecraft.paper":6,"stat.pickup.minecraft.red_flower":70,"stat.sneakTime":152621,"stat.pickup.minecraft.wool":1,"stat.craftItem.tp.monster_jerky":150,"stat.useItem.speedyhoppers.speedyhopper_mk3":7,"stat.useItem.speedyhoppers.speedyhopper_mk2":2,"stat.useItem.speedyhoppers.speedyhopper_mk1":12,"stat.drop.minecraft.yellow_flower":2,"stat.pickup.minecraft.stone_slab":126,"stat.pickup.minecraft.yellow_flower":49,"stat.mineBlock.mob_grinding_utils.tank":3,"stat.pickup.minecraft.chest":50,"stat.craftItem.minecraft.diamond_chestplate":2,"stat.craftItem.speedyhoppers.speedyhopper_mk3":10,"stat.craftItem.speedyhoppers.speedyhopper_mk2":6,"stat.mineBlock.ftbquests.screen":4,"stat.craftItem.speedyhoppers.speedyhopper_mk1":2,"stat.pickup.minecraft.bone":1545,"stat.craftItem.storagedrawers.basicdrawers":1,"stat.craftItem.minecraft.diamond_leggings":2,"stat.useItem.minecraft.iron_axe":219,"stat.mineBlock.minecraft.cobblestone":4,"stat.useItem.minecraft.log2":103,"stat.craftItem.morecharcoal.charcoal_chunk":40,"stat.mineBlock.minecraft.yellow_flower":29,"stat.drop.alchemistry.slot_filler":2,"stat.useItem.minecraft.diamond_sword":714,"stat.mineBlock.projectex.stone_table":1,"stat.craftItem.minecraft.diamond_helmet":1,"stat.craftItem.alchemistry.slot_filler":19,"stat.swimOneCm":102113,"stat.drop.minecraft.cobblestone":3,"stat.pickup.alchemistry.slot_filler":5,"stat.pickup.tp.plump_peach":8,"stat.craftItem.projecte.alchemical_chest":1,"stat.useItem.minecraft.coal_block":3,"stat.craftItem.architecturecraft.sawblade":1,"stat.craftItem.mob_grinding_utils.absorption_hopper":3,"stat.useItem.minecraft.dirt":301,"stat.useItem.minecraft.stone_slab2":269,"stat.pickup.alchemistry.mineral_salt":88,"stat.pickup.minecraft.bow":1,"stat.craftItem.morefurnaces.furnaceblock":5,"stat.pickup.alchemistry.liquifier":2,"stat.pickup.ftbquests.screen":4,"stat.craftItem.minecraft.furnace":10,"stat.useItem.morefurnaces.furnaceblock":3,"stat.pickup.tp.cobblegen_block":3,"stat.useItem.mob_grinding_utils.fan":3,"stat.craftItem.minecraft.trapdoor":8,"stat.drop.chiselsandbits.chiseled_wood":1,"stat.pickup.minecraft.cobblestone":103,"stat.mineBlock.projecte.transmutation_table":4,"stat.useItem.appliedenergistics2.sky_stone_block":35,"stat.mineBlock.alchemistry.liquifier":2,"stat.flyOneCm":1529250,"stat.drop.minecraft.wheat_seeds":1,"stat.craftItem.minecraft.wooden_slab":216,"stat.pickup.architecturecraft.shape":75,"stat.pickup.minecraft.redstone":1,"stat.timeSinceDeath":194373,"stat.useItem.minecraft.wooden_slab":316,"stat.pickup.minecraft.mutton":2,"stat.craftItem.minecraft.iron_block":6,"stat.craftItem.minecraft.stonebrick":1824,"stat.mineBlock.deepmoblearning.extraction_chamber":1,"stat.mineBlock.minecraft.coal_block":5,"stat.pickup.minecraft.stonebrick":363,"stat.pickup.enderio.block_enderman_skull":1,"stat.pickup.minecraft.trapdoor":7,"stat.killEntity.Creeper":40,"stat.pickup.minecraft.jungle_stairs":41,"stat.pickup.minecraft.string":10,"stat.pickup.projectex.stone_table":1,"stat.mineBlock.enderio.block_simple_stirling_generator":3,"stat.pickup.ae2wtlib.infinity_booster_card":52,"stat.craftItem.minecraft.jungle_stairs":16,"stat.mineBlock.alchemistry.chemical_combiner":1,"stat.pickup.tombstone.crafting_ingredient":10,"stat.entityKilledBy.Skeleton":4,"stat.craftItem.minecraft.stone_slab2":0,"stat.useItem.architecturecraft.shape":221,"stat.sprintOneCm":2569286,"stat.useItem.minecraft.diamond_shovel":53,"stat.mineBlock.minecraft.stone_slab":130,"stat.pickup.morefurnaces.furnaceblock":13,"stat.pickup.alchemistry.chemical_dissolver":2,"stat.craftItem.minecraft.stick":180,"stat.mineBlock.polluted_earth.polluted_earth":91,"stat.useItem.tombstone.magic_scroll":4,"stat.useItem.minecraft.stone_slab":480,"stat.useItem.carryon.tile_item":4,"stat.useItem.enderstorage.ender_storage":5,"stat.useItem.elevatorid.elevator_pink":18,"stat.craftItem.minecraft.stone":1040,"stat.useItem.minecraft.snowball":4,"stat.pickup.minecraft.grass":42,"stat.mineBlock.minecraft.crafting_table":7,"stat.useItem.minecraft.diamond_pickaxe":874,"stat.craftItem.deepmoblearning.simulation_chamber":1,"stat.craftItem.minecraft.wooden_pressure_plate":1,"stat.mineBlock.minecraft.planks":548,"stat.drop":43,"stat.killEntity.Sheep":2,"stat.craftItem.deepmoblearning.machine_casing":2,"stat.mineBlock.bonsaitrees.bonsaipot":2,"stat.craftItem.minecraft.diamond_pickaxe":2,"stat.killEntity.Zombie":63,"stat.craftItem.minecraft.dye":183,"stat.pickup.chiselsandbits.chisel_diamond":1,"stat.craftItem.minecraft.diamond_axe":2,"stat.diveOneCm":181692,"stat.pickup.elevatorid.elevator_pink":14,"stat.craftItem.xencraft.tablet":1,"stat.pickup.storagedrawers.basicdrawers":3,"stat.craftItem.minecraft.piston":1,"stat.mineBlock.tp.iron_cobblegen_block":1,"stat.craftItem.projecte.condenser_mk1":1,"stat.useItem.minecraft.diamond_axe":722,"stat.useItem.minecraft.apple":2,"stat.useItem.bonsaitrees.bonsaipot":2,"stat.pickup.deepmoblearning.extraction_chamber":1,"stat.craftItem.minecraft.diamond_sword":2,"stat.jump":7969,"stat.pickup.minecraft.coal":37,"stat.craftItem.xencraft.xen_sapling":1,"stat.craftItem.minecraft.lever":3,"stat.craftItem.bonsaitrees.bonsaipot":2,"stat.useItem.minecraft.stone_axe":258,"stat.pickup.minecraft.gunpowder":1184,"stat.pickup.morecharcoal.charcoal_chunk":272,"stat.pickup.minecraft.spider_eye":1,"stat.craftItem.minecraft.torch":276,"stat.pickup.enderio.item_item_conduit":5,"stat.pickup.minecraft.dirt":90,"stat.useItem.minecraft.cooked_chicken":1,"stat.useItem.minecraft.glass":1,"stat.useItem.minecraft.sapling":68,"stat.pickup.minecraft.iron_axe":1,"stat.mineBlock.xencraft.xen_log":24,"stat.damageTaken":14494,"stat.pickup.minecraft.leather":2,"stat.mineBlock.minecraft.torch":119,"stat.mineBlock.minecraft.furnace":1,"stat.mineBlock.minecraft.red_flower":60,"stat.mineBlock.minecraft.sapling":14,"stat.pickup.minecraft.log2":882,"stat.craftItem.minecraft.comparator":2,"stat.entityKilledBy.ZombieVillager":1,"stat.pickup.minecraft.reeds":3,"stat.craftItem.xencraft.xen_gem":51,"tombstone:undead_killed":107,"stat.useItem.mob_grinding_utils.spikes":17,"stat.entityKilledBy.Zombie":6,"stat.damageDealt":45857,"stat.craftItem.minecraft.glass":1,"stat.killEntity.Cow":1,"stat.craftItem.minecraft.iron_sword":18,"stat.craftItem.minecraft.stone_slab":348,"stat.craftItem.nuclearcraft.part":2,"stat.walkOneCm":1265906,"stat.animalsBred":2,"stat.useItem.minecraft.chest":173,"stat.pickup.minecraft.stick":14,"stat.craftItem.alchemistry.evaporator":1,"stat.useItem.minecraft.lava_bucket":28,"stat.craftItem.architecturecraft.hammer":1,"stat.craftItem.minecraft.diamond_boots":2,"stat.pickup.mob_grinding_utils.tank":2,"stat.useItem.tombstone.gift":3,"stat.craftItem.nuclearcraft.manufactory_idle":1,"stat.pickup.minecraft.stone":648,"stat.pickup.projecte.transmutation_table":4,"stat.craftItem.minecraft.redstone":9,"stat.pickup.minecraft.ender_pearl":567,"stat.killEntity.Skeleton":44,"stat.craftItem.architecturecraft.largepulley":1,"stat.mineBlock.minecraft.stonebrick":433,"stat.pickup.enderio.block_simple_stirling_generator":3,"stat.killEntity.Spider":8,"stat.pickup.minecraft.dark_oak_stairs":2,"stat.mineBlock.minecraft.glowstone":1,"stat.mobKills":209,"stat.pickup.storagedrawers.upgrade_storage":11,"stat.craftItem.mob_grinding_utils.xp_tap":1,"stat.mineBlock.mob_grinding_utils.fan":9,"stat.mineBlock.minecraft.leaves":6,"stat.pickup.xencraft.xen_gem":81,"stat.pickup.ftbquests.lootcrate":335,"stat.pickup.minecraft.torch":116,"stat.craftItem.minecraft.coal_block":109,"stat.pickup.xencraft.xen_log":24,"stat.mineBlock.tp.cobblegen_block":3,"stat.drop.minecraft.arrow":4,"stat.mineBlock.mob_grinding_utils.spikes":21,"stat.useItem.enderio.item_item_conduit":7}